"CohortGroup","cohortname","TotalUsers","Days0to6","Days7to13","Days14to20","Days21to27","Days28to34","Days35to41","Days42to48","Days49to55","Days56to62","Days63to69","Days70to76","Days77to83","Days84to90","Days91to97","Days98to104","Days105to111","Days112to118","Days119to125","Days126to132","Days133to139","Days140to146","Days147to153","Days154to160","Days161to167","Days168to174","Days175to181","Days182to188"
1,"2014-12-31 to 2015-01-06",52,"61.54% orderers ( 32 )","26.92% orderers ( 14 )","23.08% orderers ( 12 )","19.23% orderers ( 10 )","23.08% orderers ( 12 )","11.54% orderers ( 6 )","11.54% orderers ( 6 )","15.38% orderers ( 8 )","13.46% orderers ( 7 )","5.77% orderers ( 3 )","9.62% orderers ( 5 )","13.46% orderers ( 7 )","9.62% orderers ( 5 )","9.62% orderers ( 5 )","11.54% orderers ( 6 )","13.46% orderers ( 7 )","5.77% orderers ( 3 )","13.46% orderers ( 7 )","15.38% orderers ( 8 )","5.77% orderers ( 3 )","5.77% orderers ( 3 )","11.54% orderers ( 6 )","3.85% orderers ( 2 )","7.69% orderers ( 4 )","13.46% orderers ( 7 )","7.69% orderers ( 4 )","3.85% orderers ( 2 )"
NA,NA,NA,"61.54% 1st time ( 32 )","11.54% 1st time ( 6 )","3.85% 1st time ( 2 )","1.92% 1st time ( 1 )","5.77% 1st time ( 3 )"," ( NA )","1.92% 1st time ( 1 )"," ( NA )","1.92% 1st time ( 1 )"," ( NA )"," ( NA )","3.85% 1st time ( 2 )"," ( NA )","1.92% 1st time ( 1 )","1.92% 1st time ( 1 )"," ( NA )"," ( NA )"," ( NA )","1.92% 1st time ( 1 )"," ( NA )"," ( NA )"," ( NA )"," ( NA )"," ( NA )","1.92% 1st time ( 1 )"," ( NA )",NA
2,"2015-01-07 to 2015-01-13",548,"38.5% orderers ( 211 )","25.18% orderers ( 138 )","17.88% orderers ( 98 )","18.43% orderers ( 101 )","15.88% orderers ( 87 )","14.78% orderers ( 81 )","14.96% orderers ( 82 )","16.61% orderers ( 91 )","16.06% orderers ( 88 )","14.42% orderers ( 79 )","9.67% orderers ( 53 )","11.5% orderers ( 63 )","12.41% orderers ( 68 )","11.31% orderers ( 62 )","13.32% orderers ( 73 )","14.05% orderers ( 77 )","10.58% orderers ( 58 )","11.5% orderers ( 63 )","10.58% orderers ( 58 )","11.31% orderers ( 62 )","8.76% orderers ( 48 )","9.67% orderers ( 53 )","11.68% orderers ( 64 )","11.86% orderers ( 65 )","8.39% orderers ( 46 )","5.11% orderers ( 28 )"," ( NA )"
NA,NA,NA,"38.5% 1st time ( 211 )","15.69% 1st time ( 86 )","7.12% 1st time ( 39 )","4.2% 1st time ( 23 )","4.01% 1st time ( 22 )","2.74% 1st time ( 15 )","2.74% 1st time ( 15 )","2.92% 1st time ( 16 )","3.83% 1st time ( 21 )","2.37% 1st time ( 13 )","0.55% 1st time ( 3 )","1.28% 1st time ( 7 )","0.91% 1st time ( 5 )","1.28% 1st time ( 7 )","1.09% 1st time ( 6 )","2.37% 1st time ( 13 )","0.91% 1st time ( 5 )","1.28% 1st time ( 7 )","0.73% 1st time ( 4 )","0.55% 1st time ( 3 )","0.73% 1st time ( 4 )","1.28% 1st time ( 7 )","0.55% 1st time ( 3 )","0.91% 1st time ( 5 )","0.55% 1st time ( 3 )","0.91% 1st time ( 5 )",NA
3,"2015-01-14 to 2015-01-20",275,"53.09% orderers ( 146 )","23.64% orderers ( 65 )","17.09% orderers ( 47 )","10.91% orderers ( 30 )","15.64% orderers ( 43 )","14.91% orderers ( 41 )","20% orderers ( 55 )","14.91% orderers ( 41 )","16.36% orderers ( 45 )","11.27% orderers ( 31 )","12.73% orderers ( 35 )","12% orderers ( 33 )","12.73% orderers ( 35 )","13.45% orderers ( 37 )","12% orderers ( 33 )","14.55% orderers ( 40 )","10.55% orderers ( 29 )","13.45% orderers ( 37 )","10.91% orderers ( 30 )","12.73% orderers ( 35 )","11.27% orderers ( 31 )","14.55% orderers ( 40 )","10.18% orderers ( 28 )","10.91% orderers ( 30 )","7.27% orderers ( 20 )"," ( NA )"," ( NA )"
NA,NA,NA,"53.09% 1st time ( 146 )","11.64% 1st time ( 32 )","5.82% 1st time ( 16 )","2.18% 1st time ( 6 )","3.27% 1st time ( 9 )","1.45% 1st time ( 4 )","4.36% 1st time ( 12 )","1.82% 1st time ( 5 )","2.91% 1st time ( 8 )","1.09% 1st time ( 3 )","0.73% 1st time ( 2 )"," ( NA )","1.45% 1st time ( 4 )","1.09% 1st time ( 3 )","0.73% 1st time ( 2 )","0.73% 1st time ( 2 )","1.45% 1st time ( 4 )","0.36% 1st time ( 1 )","1.82% 1st time ( 5 )","0.36% 1st time ( 1 )","0.73% 1st time ( 2 )","1.45% 1st time ( 4 )","1.09% 1st time ( 3 )"," ( NA )","0.36% 1st time ( 1 )"," ( NA )",NA
4,"2015-01-21 to 2015-01-27",500,"46.8% orderers ( 234 )","21.2% orderers ( 106 )","14.4% orderers ( 72 )","13.4% orderers ( 67 )","15% orderers ( 75 )","16.2% orderers ( 81 )","13% orderers ( 65 )","13.6% orderers ( 68 )","12.8% orderers ( 64 )","11.6% orderers ( 58 )","12.2% orderers ( 61 )","12% orderers ( 60 )","11.8% orderers ( 59 )","12% orderers ( 60 )","9.4% orderers ( 47 )","9.6% orderers ( 48 )","11.6% orderers ( 58 )","9.2% orderers ( 46 )","10.6% orderers ( 53 )","11.4% orderers ( 57 )","10.6% orderers ( 53 )","7.4% orderers ( 37 )","8.4% orderers ( 42 )","4.4% orderers ( 22 )"," ( NA )"," ( NA )"," ( NA )"
NA,NA,NA,"46.8% 1st time ( 234 )","12.4% 1st time ( 62 )","4.8% 1st time ( 24 )","4.2% 1st time ( 21 )","3.8% 1st time ( 19 )","5% 1st time ( 25 )","3% 1st time ( 15 )","2.2% 1st time ( 11 )","1.8% 1st time ( 9 )","1% 1st time ( 5 )","1.2% 1st time ( 6 )","2% 1st time ( 10 )","1.6% 1st time ( 8 )","2.4% 1st time ( 12 )","1.6% 1st time ( 8 )","0.6% 1st time ( 3 )","1.4% 1st time ( 7 )","0.6% 1st time ( 3 )","0.6% 1st time ( 3 )","1% 1st time ( 5 )","0.6% 1st time ( 3 )","0.4% 1st time ( 2 )","0.6% 1st time ( 3 )","0.4% 1st time ( 2 )"," ( NA )"," ( NA )",NA
5,"2015-01-28 to 2015-02-03",200,"56.5% orderers ( 113 )","21.5% orderers ( 43 )","18% orderers ( 36 )","14% orderers ( 28 )","18% orderers ( 36 )","14.5% orderers ( 29 )","17.5% orderers ( 35 )","14.5% orderers ( 29 )","12.5% orderers ( 25 )","12% orderers ( 24 )","15% orderers ( 30 )","13.5% orderers ( 27 )","15% orderers ( 30 )","11.5% orderers ( 23 )","11.5% orderers ( 23 )","11.5% orderers ( 23 )","16.5% orderers ( 33 )","11.5% orderers ( 23 )","11% orderers ( 22 )","11.5% orderers ( 23 )","12% orderers ( 24 )","11.5% orderers ( 23 )","7% orderers ( 14 )"," ( NA )"," ( NA )"," ( NA )"," ( NA )"
NA,NA,NA,"56.5% 1st time ( 113 )","8% 1st time ( 16 )","6% 1st time ( 12 )","4% 1st time ( 8 )","4% 1st time ( 8 )","4.5% 1st time ( 9 )","3.5% 1st time ( 7 )","2% 1st time ( 4 )"," ( NA )","0.5% 1st time ( 1 )","1.5% 1st time ( 3 )","1% 1st time ( 2 )","0.5% 1st time ( 1 )","1.5% 1st time ( 3 )","0.5% 1st time ( 1 )","1.5% 1st time ( 3 )","2% 1st time ( 4 )","0.5% 1st time ( 1 )","1% 1st time ( 2 )","0.5% 1st time ( 1 )"," ( NA )","0.5% 1st time ( 1 )"," ( NA )"," ( NA )"," ( NA )"," ( NA )",NA
6,"2015-02-04 to 2015-02-10",148,"61.49% orderers ( 91 )","20.27% orderers ( 30 )","19.59% orderers ( 29 )","16.89% orderers ( 25 )","14.19% orderers ( 21 )","14.86% orderers ( 22 )","14.19% orderers ( 21 )","11.49% orderers ( 17 )","14.19% orderers ( 21 )","14.19% orderers ( 21 )","12.16% orderers ( 18 )","15.54% orderers ( 23 )","16.89% orderers ( 25 )","14.86% orderers ( 22 )","16.22% orderers ( 24 )","12.16% orderers ( 18 )","10.81% orderers ( 16 )","11.49% orderers ( 17 )","15.54% orderers ( 23 )","11.49% orderers ( 17 )","13.51% orderers ( 20 )","8.11% orderers ( 12 )"," ( NA )"," ( NA )"," ( NA )"," ( NA )"," ( NA )"
NA,NA,NA,"61.49% 1st time ( 91 )","9.46% 1st time ( 14 )","5.41% 1st time ( 8 )","2.7% 1st time ( 4 )","1.35% 1st time ( 2 )","2.7% 1st time ( 4 )","2.03% 1st time ( 3 )"," ( NA )","1.35% 1st time ( 2 )","1.35% 1st time ( 2 )","0.68% 1st time ( 1 )","2.03% 1st time ( 3 )","4.05% 1st time ( 6 )","0.68% 1st time ( 1 )","0.68% 1st time ( 1 )"," ( NA )","0.68% 1st time ( 1 )","0.68% 1st time ( 1 )","1.35% 1st time ( 2 )"," ( NA )","0.68% 1st time ( 1 )","0.68% 1st time ( 1 )"," ( NA )"," ( NA )"," ( NA )"," ( NA )",NA
7,"2015-02-11 to 2015-02-17",117,"56.41% orderers ( 66 )","23.08% orderers ( 27 )","22.22% orderers ( 26 )","17.95% orderers ( 21 )","16.24% orderers ( 19 )","10.26% orderers ( 12 )","14.53% orderers ( 17 )","16.24% orderers ( 19 )","11.11% orderers ( 13 )","14.53% orderers ( 17 )","15.38% orderers ( 18 )","10.26% orderers ( 12 )","13.68% orderers ( 16 )","8.55% orderers ( 10 )","11.11% orderers ( 13 )","16.24% orderers ( 19 )","12.82% orderers ( 15 )","7.69% orderers ( 9 )","12.82% orderers ( 15 )","15.38% orderers ( 18 )","3.42% orderers ( 4 )"," ( NA )"," ( NA )"," ( NA )"," ( NA )"," ( NA )"," ( NA )"
NA,NA,NA,"56.41% 1st time ( 66 )","9.4% 1st time ( 11 )","9.4% 1st time ( 11 )","2.56% 1st time ( 3 )","3.42% 1st time ( 4 )"," ( NA )","2.56% 1st time ( 3 )","3.42% 1st time ( 4 )","0.85% 1st time ( 1 )"," ( NA )","1.71% 1st time ( 2 )"," ( NA )","1.71% 1st time ( 2 )","1.71% 1st time ( 2 )"," ( NA )","0.85% 1st time ( 1 )","2.56% 1st time ( 3 )"," ( NA )","1.71% 1st time ( 2 )","1.71% 1st time ( 2 )"," ( NA )"," ( NA )"," ( NA )"," ( NA )"," ( NA )"," ( NA )",NA
8,"2015-02-18 to 2015-02-24",126,"68.25% orderers ( 86 )","24.6% orderers ( 31 )","23.81% orderers ( 30 )","23.02% orderers ( 29 )","18.25% orderers ( 23 )","19.84% orderers ( 25 )","16.67% orderers ( 21 )","17.46% orderers ( 22 )","13.49% orderers ( 17 )","19.05% orderers ( 24 )","11.9% orderers ( 15 )","19.05% orderers ( 24 )","16.67% orderers ( 21 )","15.08% orderers ( 19 )","15.08% orderers ( 19 )","15.08% orderers ( 19 )","19.05% orderers ( 24 )","17.46% orderers ( 22 )","15.08% orderers ( 19 )","7.94% orderers ( 10 )"," ( NA )"," ( NA )"," ( NA )"," ( NA )"," ( NA )"," ( NA )"," ( NA )"
NA,NA,NA,"68.25% 1st time ( 86 )","8.73% 1st time ( 11 )","3.97% 1st time ( 5 )","3.17% 1st time ( 4 )","3.97% 1st time ( 5 )","3.97% 1st time ( 5 )","0.79% 1st time ( 1 )","1.59% 1st time ( 2 )"," ( NA )","1.59% 1st time ( 2 )","1.59% 1st time ( 2 )"," ( NA )"," ( NA )","0.79% 1st time ( 1 )"," ( NA )"," ( NA )","0.79% 1st time ( 1 )"," ( NA )"," ( NA )","0.79% 1st time ( 1 )"," ( NA )"," ( NA )"," ( NA )"," ( NA )"," ( NA )"," ( NA )",NA
9,"2015-02-25 to 2015-03-03",369,"58.27% orderers ( 215 )","21.68% orderers ( 80 )","18.7% orderers ( 69 )","14.36% orderers ( 53 )","17.34% orderers ( 64 )","13.28% orderers ( 49 )","15.45% orderers ( 57 )","13.82% orderers ( 51 )","14.91% orderers ( 55 )","15.72% orderers ( 58 )","11.38% orderers ( 42 )","14.63% orderers ( 54 )","9.76% orderers ( 36 )","12.2% orderers ( 45 )","9.76% orderers ( 36 )","12.2% orderers ( 45 )","12.47% orderers ( 46 )","13.28% orderers ( 49 )","3.52% orderers ( 13 )"," ( NA )"," ( NA )"," ( NA )"," ( NA )"," ( NA )"," ( NA )"," ( NA )"," ( NA )"
NA,NA,NA,"58.27% 1st time ( 215 )","7.32% 1st time ( 27 )","6.23% 1st time ( 23 )","3.52% 1st time ( 13 )","3.52% 1st time ( 13 )","1.9% 1st time ( 7 )","2.44% 1st time ( 9 )","1.36% 1st time ( 5 )","2.17% 1st time ( 8 )","3.25% 1st time ( 12 )","1.63% 1st time ( 6 )","1.36% 1st time ( 5 )","0.81% 1st time ( 3 )","0.54% 1st time ( 2 )","0.81% 1st time ( 3 )","1.08% 1st time ( 4 )","2.17% 1st time ( 8 )","1.08% 1st time ( 4 )","0.54% 1st time ( 2 )"," ( NA )"," ( NA )"," ( NA )"," ( NA )"," ( NA )"," ( NA )"," ( NA )",NA
10,"2015-03-04 to 2015-03-10",248,"64.11% orderers ( 159 )","26.61% orderers ( 66 )","19.76% orderers ( 49 )","16.13% orderers ( 40 )","20.56% orderers ( 51 )","14.92% orderers ( 37 )","14.92% orderers ( 37 )","16.53% orderers ( 41 )","20.16% orderers ( 50 )","14.92% orderers ( 37 )","14.11% orderers ( 35 )","11.69% orderers ( 29 )","15.73% orderers ( 39 )","14.92% orderers ( 37 )","14.52% orderers ( 36 )","14.92% orderers ( 37 )","16.13% orderers ( 40 )","4.44% orderers ( 11 )"," ( NA )"," ( NA )"," ( NA )"," ( NA )"," ( NA )"," ( NA )"," ( NA )"," ( NA )"," ( NA )"
NA,NA,NA,"64.11% 1st time ( 159 )","8.47% 1st time ( 21 )","6.45% 1st time ( 16 )","2.82% 1st time ( 7 )","3.63% 1st time ( 9 )","0.81% 1st time ( 2 )","1.61% 1st time ( 4 )","1.61% 1st time ( 4 )","1.61% 1st time ( 4 )","1.21% 1st time ( 3 )","0.81% 1st time ( 2 )","1.21% 1st time ( 3 )","0.81% 1st time ( 2 )","0.4% 1st time ( 1 )","2.02% 1st time ( 5 )","0.81% 1st time ( 2 )","1.21% 1st time ( 3 )","0.4% 1st time ( 1 )"," ( NA )"," ( NA )"," ( NA )"," ( NA )"," ( NA )"," ( NA )"," ( NA )"," ( NA )",NA
11,"2015-03-11 to 2015-03-18",177,"50.28% orderers ( 89 )","24.86% orderers ( 44 )","18.08% orderers ( 32 )","20.9% orderers ( 37 )","17.51% orderers ( 31 )","14.69% orderers ( 26 )","17.51% orderers ( 31 )","18.08% orderers ( 32 )","10.73% orderers ( 19 )","14.69% orderers ( 26 )","14.69% orderers ( 26 )","10.73% orderers ( 19 )","13.56% orderers ( 24 )","12.99% orderers ( 23 )","13.56% orderers ( 24 )","12.99% orderers ( 23 )","4.52% orderers ( 8 )"," ( NA )"," ( NA )"," ( NA )"," ( NA )"," ( NA )"," ( NA )"," ( NA )"," ( NA )"," ( NA )"," ( NA )"
NA,NA,NA,"50.28% 1st time ( 89 )","12.43% 1st time ( 22 )","5.08% 1st time ( 9 )","5.08% 1st time ( 9 )","3.95% 1st time ( 7 )","3.95% 1st time ( 7 )","3.95% 1st time ( 7 )","2.82% 1st time ( 5 )","2.26% 1st time ( 4 )","1.69% 1st time ( 3 )","1.13% 1st time ( 2 )","1.13% 1st time ( 2 )","1.13% 1st time ( 2 )","2.82% 1st time ( 5 )","1.69% 1st time ( 3 )","0.56% 1st time ( 1 )"," ( NA )"," ( NA )"," ( NA )"," ( NA )"," ( NA )"," ( NA )"," ( NA )"," ( NA )"," ( NA )"," ( NA )",NA
12,"2015-03-18 to 2015-03-25",141,"57.45% orderers ( 81 )","20.57% orderers ( 29 )","17.73% orderers ( 25 )","16.31% orderers ( 23 )","19.15% orderers ( 27 )","18.44% orderers ( 26 )","17.73% orderers ( 25 )","13.48% orderers ( 19 )","12.06% orderers ( 17 )","16.31% orderers ( 23 )","15.6% orderers ( 22 )","15.6% orderers ( 22 )","19.15% orderers ( 27 )","17.02% orderers ( 24 )","11.35% orderers ( 16 )","9.22% orderers ( 13 )"," ( NA )"," ( NA )"," ( NA )"," ( NA )"," ( NA )"," ( NA )"," ( NA )"," ( NA )"," ( NA )"," ( NA )"," ( NA )"
NA,NA,NA,"57.45% 1st time ( 81 )","11.35% 1st time ( 16 )","4.96% 1st time ( 7 )","3.55% 1st time ( 5 )","4.96% 1st time ( 7 )","2.13% 1st time ( 3 )","2.13% 1st time ( 3 )","3.55% 1st time ( 5 )","1.42% 1st time ( 2 )","0.71% 1st time ( 1 )","3.55% 1st time ( 5 )","0.71% 1st time ( 1 )","0.71% 1st time ( 1 )","1.42% 1st time ( 2 )","1.42% 1st time ( 2 )"," ( NA )"," ( NA )"," ( NA )"," ( NA )"," ( NA )"," ( NA )"," ( NA )"," ( NA )"," ( NA )"," ( NA )"," ( NA )",NA
13,"2015-03-25 to 2015-03-31",143,"55.24% orderers ( 79 )","19.58% orderers ( 28 )","27.27% orderers ( 39 )","18.18% orderers ( 26 )","19.58% orderers ( 28 )","15.38% orderers ( 22 )","16.08% orderers ( 23 )","18.18% orderers ( 26 )","13.99% orderers ( 20 )","13.99% orderers ( 20 )","21.68% orderers ( 31 )","20.98% orderers ( 30 )","17.48% orderers ( 25 )","20.28% orderers ( 29 )","8.39% orderers ( 12 )"," ( NA )"," ( NA )"," ( NA )"," ( NA )"," ( NA )"," ( NA )"," ( NA )"," ( NA )"," ( NA )"," ( NA )"," ( NA )"," ( NA )"
NA,NA,NA,"55.24% 1st time ( 79 )","7.69% 1st time ( 11 )","9.09% 1st time ( 13 )","3.5% 1st time ( 5 )","4.9% 1st time ( 7 )","2.1% 1st time ( 3 )","3.5% 1st time ( 5 )","2.8% 1st time ( 4 )","1.4% 1st time ( 2 )","0.7% 1st time ( 1 )","2.1% 1st time ( 3 )","3.5% 1st time ( 5 )","1.4% 1st time ( 2 )","0.7% 1st time ( 1 )","1.4% 1st time ( 2 )"," ( NA )"," ( NA )"," ( NA )"," ( NA )"," ( NA )"," ( NA )"," ( NA )"," ( NA )"," ( NA )"," ( NA )"," ( NA )",NA
14,"2015-04-01 to 2015-04-07",133,"63.91% orderers ( 85 )","21.05% orderers ( 28 )","24.81% orderers ( 33 )","24.06% orderers ( 32 )","24.81% orderers ( 33 )","18.8% orderers ( 25 )","18.05% orderers ( 24 )","20.3% orderers ( 27 )","17.29% orderers ( 23 )","21.8% orderers ( 29 )","21.8% orderers ( 29 )","12.78% orderers ( 17 )","12.78% orderers ( 17 )","12.78% orderers ( 17 )"," ( NA )"," ( NA )"," ( NA )"," ( NA )"," ( NA )"," ( NA )"," ( NA )"," ( NA )"," ( NA )"," ( NA )"," ( NA )"," ( NA )"," ( NA )"
NA,NA,NA,"63.91% 1st time ( 85 )","8.27% 1st time ( 11 )","6.02% 1st time ( 8 )","7.52% 1st time ( 10 )","3.76% 1st time ( 5 )"," ( NA )","1.5% 1st time ( 2 )","3.01% 1st time ( 4 )","1.5% 1st time ( 2 )"," ( NA )","1.5% 1st time ( 2 )","0.75% 1st time ( 1 )"," ( NA )","2.26% 1st time ( 3 )"," ( NA )"," ( NA )"," ( NA )"," ( NA )"," ( NA )"," ( NA )"," ( NA )"," ( NA )"," ( NA )"," ( NA )"," ( NA )"," ( NA )",NA
15,"2015-04-08 to 2015-04-14",138,"63.04% orderers ( 87 )","24.64% orderers ( 34 )","23.91% orderers ( 33 )","17.39% orderers ( 24 )","21.01% orderers ( 29 )","18.84% orderers ( 26 )","16.67% orderers ( 23 )","12.32% orderers ( 17 )","19.57% orderers ( 27 )","16.67% orderers ( 23 )","20.29% orderers ( 28 )","15.22% orderers ( 21 )","10.14% orderers ( 14 )"," ( NA )"," ( NA )"," ( NA )"," ( NA )"," ( NA )"," ( NA )"," ( NA )"," ( NA )"," ( NA )"," ( NA )"," ( NA )"," ( NA )"," ( NA )"," ( NA )"
NA,NA,NA,"63.04% 1st time ( 87 )","11.59% 1st time ( 16 )","5.8% 1st time ( 8 )","5.07% 1st time ( 7 )","2.17% 1st time ( 3 )","2.17% 1st time ( 3 )","1.45% 1st time ( 2 )"," ( NA )","0.72% 1st time ( 1 )","2.17% 1st time ( 3 )","2.17% 1st time ( 3 )","1.45% 1st time ( 2 )","2.17% 1st time ( 3 )"," ( NA )"," ( NA )"," ( NA )"," ( NA )"," ( NA )"," ( NA )"," ( NA )"," ( NA )"," ( NA )"," ( NA )"," ( NA )"," ( NA )"," ( NA )",NA
16,"2015-04-15 to 2015-04-22",113,"66.37% orderers ( 75 )","28.32% orderers ( 32 )","23.89% orderers ( 27 )","20.35% orderers ( 23 )","22.12% orderers ( 25 )","10.62% orderers ( 12 )","18.58% orderers ( 21 )","11.5% orderers ( 13 )","24.78% orderers ( 28 )","25.66% orderers ( 29 )","16.81% orderers ( 19 )","15.04% orderers ( 17 )"," ( NA )"," ( NA )"," ( NA )"," ( NA )"," ( NA )"," ( NA )"," ( NA )"," ( NA )"," ( NA )"," ( NA )"," ( NA )"," ( NA )"," ( NA )"," ( NA )"," ( NA )"
NA,NA,NA,"66.37% 1st time ( 75 )","10.62% 1st time ( 12 )","1.77% 1st time ( 2 )","4.42% 1st time ( 5 )","2.65% 1st time ( 3 )"," ( NA )","3.54% 1st time ( 4 )"," ( NA )","5.31% 1st time ( 6 )","2.65% 1st time ( 3 )","1.77% 1st time ( 2 )","0.88% 1st time ( 1 )"," ( NA )"," ( NA )"," ( NA )"," ( NA )"," ( NA )"," ( NA )"," ( NA )"," ( NA )"," ( NA )"," ( NA )"," ( NA )"," ( NA )"," ( NA )"," ( NA )",NA
17,"2015-04-22 to 2015-04-29",221,"68.78% orderers ( 152 )","23.08% orderers ( 51 )","15.38% orderers ( 34 )","14.93% orderers ( 33 )","16.29% orderers ( 36 )","17.19% orderers ( 38 )","14.03% orderers ( 31 )","12.22% orderers ( 27 )","14.03% orderers ( 31 )","15.84% orderers ( 35 )","11.31% orderers ( 25 )"," ( NA )"," ( NA )"," ( NA )"," ( NA )"," ( NA )"," ( NA )"," ( NA )"," ( NA )"," ( NA )"," ( NA )"," ( NA )"," ( NA )"," ( NA )"," ( NA )"," ( NA )"," ( NA )"
NA,NA,NA,"68.78% 1st time ( 152 )","5.88% 1st time ( 13 )","3.17% 1st time ( 7 )","4.98% 1st time ( 11 )","2.71% 1st time ( 6 )","3.17% 1st time ( 7 )","0.9% 1st time ( 2 )","2.26% 1st time ( 5 )","2.71% 1st time ( 6 )","2.26% 1st time ( 5 )","3.17% 1st time ( 7 )"," ( NA )"," ( NA )"," ( NA )"," ( NA )"," ( NA )"," ( NA )"," ( NA )"," ( NA )"," ( NA )"," ( NA )"," ( NA )"," ( NA )"," ( NA )"," ( NA )"," ( NA )",NA
18,"2015-04-29 to 2015-05-05",163,"70.55% orderers ( 115 )","20.25% orderers ( 33 )","20.86% orderers ( 34 )","20.86% orderers ( 34 )","17.79% orderers ( 29 )","17.79% orderers ( 29 )","20.25% orderers ( 33 )","17.79% orderers ( 29 )","18.4% orderers ( 30 )","7.36% orderers ( 12 )"," ( NA )"," ( NA )"," ( NA )"," ( NA )"," ( NA )"," ( NA )"," ( NA )"," ( NA )"," ( NA )"," ( NA )"," ( NA )"," ( NA )"," ( NA )"," ( NA )"," ( NA )"," ( NA )"," ( NA )"
NA,NA,NA,"70.55% 1st time ( 115 )","7.36% 1st time ( 12 )","3.68% 1st time ( 6 )","5.52% 1st time ( 9 )","1.23% 1st time ( 2 )","3.68% 1st time ( 6 )","3.07% 1st time ( 5 )","2.45% 1st time ( 4 )","1.84% 1st time ( 3 )","0.61% 1st time ( 1 )"," ( NA )"," ( NA )"," ( NA )"," ( NA )"," ( NA )"," ( NA )"," ( NA )"," ( NA )"," ( NA )"," ( NA )"," ( NA )"," ( NA )"," ( NA )"," ( NA )"," ( NA )"," ( NA )",NA
19,"2015-05-06 to 2015-05-13",157,"64.97% orderers ( 102 )","23.57% orderers ( 37 )","16.56% orderers ( 26 )","21.66% orderers ( 34 )","19.75% orderers ( 31 )","17.83% orderers ( 28 )","22.29% orderers ( 35 )","15.92% orderers ( 25 )","5.1% orderers ( 8 )"," ( NA )"," ( NA )"," ( NA )"," ( NA )"," ( NA )"," ( NA )"," ( NA )"," ( NA )"," ( NA )"," ( NA )"," ( NA )"," ( NA )"," ( NA )"," ( NA )"," ( NA )"," ( NA )"," ( NA )"," ( NA )"
NA,NA,NA,"64.97% 1st time ( 102 )","9.55% 1st time ( 15 )","3.82% 1st time ( 6 )","6.37% 1st time ( 10 )","2.55% 1st time ( 4 )","4.46% 1st time ( 7 )","5.1% 1st time ( 8 )","2.55% 1st time ( 4 )","0.64% 1st time ( 1 )"," ( NA )"," ( NA )"," ( NA )"," ( NA )"," ( NA )"," ( NA )"," ( NA )"," ( NA )"," ( NA )"," ( NA )"," ( NA )"," ( NA )"," ( NA )"," ( NA )"," ( NA )"," ( NA )"," ( NA )",NA
20,"2015-05-13 to 2015-05-19",154,"67.53% orderers ( 104 )","18.18% orderers ( 28 )","21.43% orderers ( 33 )","16.88% orderers ( 26 )","18.18% orderers ( 28 )","20.13% orderers ( 31 )","14.94% orderers ( 23 )","10.39% orderers ( 16 )"," ( NA )"," ( NA )"," ( NA )"," ( NA )"," ( NA )"," ( NA )"," ( NA )"," ( NA )"," ( NA )"," ( NA )"," ( NA )"," ( NA )"," ( NA )"," ( NA )"," ( NA )"," ( NA )"," ( NA )"," ( NA )"," ( NA )"
NA,NA,NA,"67.53% 1st time ( 104 )","9.74% 1st time ( 15 )","5.84% 1st time ( 9 )","3.25% 1st time ( 5 )","5.19% 1st time ( 8 )","5.19% 1st time ( 8 )","1.95% 1st time ( 3 )","1.3% 1st time ( 2 )"," ( NA )"," ( NA )"," ( NA )"," ( NA )"," ( NA )"," ( NA )"," ( NA )"," ( NA )"," ( NA )"," ( NA )"," ( NA )"," ( NA )"," ( NA )"," ( NA )"," ( NA )"," ( NA )"," ( NA )"," ( NA )",NA
21,"2015-05-20 to 2015-05-26",183,"72.68% orderers ( 133 )","28.42% orderers ( 52 )","25.68% orderers ( 47 )","19.13% orderers ( 35 )","25.68% orderers ( 47 )","20.77% orderers ( 38 )","12.57% orderers ( 23 )"," ( NA )"," ( NA )"," ( NA )"," ( NA )"," ( NA )"," ( NA )"," ( NA )"," ( NA )"," ( NA )"," ( NA )"," ( NA )"," ( NA )"," ( NA )"," ( NA )"," ( NA )"," ( NA )"," ( NA )"," ( NA )"," ( NA )"," ( NA )"
NA,NA,NA,"72.68% 1st time ( 133 )","11.48% 1st time ( 21 )","5.46% 1st time ( 10 )","4.92% 1st time ( 9 )","3.28% 1st time ( 6 )","1.09% 1st time ( 2 )","1.09% 1st time ( 2 )"," ( NA )"," ( NA )"," ( NA )"," ( NA )"," ( NA )"," ( NA )"," ( NA )"," ( NA )"," ( NA )"," ( NA )"," ( NA )"," ( NA )"," ( NA )"," ( NA )"," ( NA )"," ( NA )"," ( NA )"," ( NA )"," ( NA )",NA
22,"2015-05-27 to 2015-06-02",188,"73.4% orderers ( 138 )","23.4% orderers ( 44 )","23.4% orderers ( 44 )","19.15% orderers ( 36 )","18.62% orderers ( 35 )","7.45% orderers ( 14 )"," ( NA )"," ( NA )"," ( NA )"," ( NA )"," ( NA )"," ( NA )"," ( NA )"," ( NA )"," ( NA )"," ( NA )"," ( NA )"," ( NA )"," ( NA )"," ( NA )"," ( NA )"," ( NA )"," ( NA )"," ( NA )"," ( NA )"," ( NA )"," ( NA )"
NA,NA,NA,"73.4% 1st time ( 138 )","6.91% 1st time ( 13 )","9.57% 1st time ( 18 )","5.32% 1st time ( 10 )","2.66% 1st time ( 5 )","2.13% 1st time ( 4 )"," ( NA )"," ( NA )"," ( NA )"," ( NA )"," ( NA )"," ( NA )"," ( NA )"," ( NA )"," ( NA )"," ( NA )"," ( NA )"," ( NA )"," ( NA )"," ( NA )"," ( NA )"," ( NA )"," ( NA )"," ( NA )"," ( NA )"," ( NA )",NA
23,"2015-06-03 to 2015-06-09",181,"76.24% orderers ( 138 )","24.86% orderers ( 45 )","23.76% orderers ( 43 )","19.34% orderers ( 35 )","14.92% orderers ( 27 )"," ( NA )"," ( NA )"," ( NA )"," ( NA )"," ( NA )"," ( NA )"," ( NA )"," ( NA )"," ( NA )"," ( NA )"," ( NA )"," ( NA )"," ( NA )"," ( NA )"," ( NA )"," ( NA )"," ( NA )"," ( NA )"," ( NA )"," ( NA )"," ( NA )"," ( NA )"
NA,NA,NA,"76.24% 1st time ( 138 )","9.39% 1st time ( 17 )","4.97% 1st time ( 9 )","5.52% 1st time ( 10 )","3.87% 1st time ( 7 )"," ( NA )"," ( NA )"," ( NA )"," ( NA )"," ( NA )"," ( NA )"," ( NA )"," ( NA )"," ( NA )"," ( NA )"," ( NA )"," ( NA )"," ( NA )"," ( NA )"," ( NA )"," ( NA )"," ( NA )"," ( NA )"," ( NA )"," ( NA )"," ( NA )",NA
24,"2015-06-10 to 2015-06-16",202,"84.16% orderers ( 170 )","24.75% orderers ( 50 )","20.79% orderers ( 42 )","9.9% orderers ( 20 )"," ( NA )"," ( NA )"," ( NA )"," ( NA )"," ( NA )"," ( NA )"," ( NA )"," ( NA )"," ( NA )"," ( NA )"," ( NA )"," ( NA )"," ( NA )"," ( NA )"," ( NA )"," ( NA )"," ( NA )"," ( NA )"," ( NA )"," ( NA )"," ( NA )"," ( NA )"," ( NA )"
NA,NA,NA,"84.16% 1st time ( 170 )","9.41% 1st time ( 19 )","4.46% 1st time ( 9 )","1.98% 1st time ( 4 )"," ( NA )"," ( NA )"," ( NA )"," ( NA )"," ( NA )"," ( NA )"," ( NA )"," ( NA )"," ( NA )"," ( NA )"," ( NA )"," ( NA )"," ( NA )"," ( NA )"," ( NA )"," ( NA )"," ( NA )"," ( NA )"," ( NA )"," ( NA )"," ( NA )"," ( NA )",NA
25,"2015-06-17 to 2015-06-23",187,"88.24% orderers ( 165 )","24.06% orderers ( 45 )","11.23% orderers ( 21 )"," ( NA )"," ( NA )"," ( NA )"," ( NA )"," ( NA )"," ( NA )"," ( NA )"," ( NA )"," ( NA )"," ( NA )"," ( NA )"," ( NA )"," ( NA )"," ( NA )"," ( NA )"," ( NA )"," ( NA )"," ( NA )"," ( NA )"," ( NA )"," ( NA )"," ( NA )"," ( NA )"," ( NA )"
NA,NA,NA,"88.24% 1st time ( 165 )","9.09% 1st time ( 17 )","2.67% 1st time ( 5 )"," ( NA )"," ( NA )"," ( NA )"," ( NA )"," ( NA )"," ( NA )"," ( NA )"," ( NA )"," ( NA )"," ( NA )"," ( NA )"," ( NA )"," ( NA )"," ( NA )"," ( NA )"," ( NA )"," ( NA )"," ( NA )"," ( NA )"," ( NA )"," ( NA )"," ( NA )"," ( NA )",NA
26,"2015-06-24 to 2015-06-30",144,"90.97% orderers ( 131 )","18.06% orderers ( 26 )"," ( NA )"," ( NA )"," ( NA )"," ( NA )"," ( NA )"," ( NA )"," ( NA )"," ( NA )"," ( NA )"," ( NA )"," ( NA )"," ( NA )"," ( NA )"," ( NA )"," ( NA )"," ( NA )"," ( NA )"," ( NA )"," ( NA )"," ( NA )"," ( NA )"," ( NA )"," ( NA )"," ( NA )"," ( NA )"
NA,NA,NA,"90.97% 1st time ( 131 )","9.03% 1st time ( 13 )"," ( NA )"," ( NA )"," ( NA )"," ( NA )"," ( NA )"," ( NA )"," ( NA )"," ( NA )"," ( NA )"," ( NA )"," ( NA )"," ( NA )"," ( NA )"," ( NA )"," ( NA )"," ( NA )"," ( NA )"," ( NA )"," ( NA )"," ( NA )"," ( NA )"," ( NA )"," ( NA )"," ( NA )",NA
27,"2015-07-01 to 2015-07-07",148,"100% orderers ( 148 )"," ( NA )"," ( NA )"," ( NA )"," ( NA )"," ( NA )"," ( NA )"," ( NA )"," ( NA )"," ( NA )"," ( NA )"," ( NA )"," ( NA )"," ( NA )"," ( NA )"," ( NA )"," ( NA )"," ( NA )"," ( NA )"," ( NA )"," ( NA )"," ( NA )"," ( NA )"," ( NA )"," ( NA )"," ( NA )"," ( NA )"
NA,NA,NA,"100% 1st time ( 148 )"," ( NA )"," ( NA )"," ( NA )"," ( NA )"," ( NA )"," ( NA )"," ( NA )"," ( NA )"," ( NA )"," ( NA )"," ( NA )"," ( NA )"," ( NA )"," ( NA )"," ( NA )"," ( NA )"," ( NA )"," ( NA )"," ( NA )"," ( NA )"," ( NA )"," ( NA )"," ( NA )"," ( NA )"," ( NA )",NA
